circuit,gp
Yas Island,Abu Dhabi Grand Prix
Melbourne,Australian Grand Prix
Spielberg,Austrian Grand Prix
Baku,Azerbaijan Grand Prix
Sakhir,Bahrain Grand Prix
Spa-Francorchamps,Belgian Grand Prix
Silverstone,British Grand Prix
Montréal,Canadian Grand Prix
Shanghai,Chinese Grand Prix
Zandvoort,Dutch Grand Prix
Imola,Emilia Romagna Grand Prix
Le Castellet,French Grand Prix
Budapest,Hungarian Grand Prix
Monza,Italian Grand Prix
Suzuka,Japanese Grand Prix
Las Vegas,Las Vegas Grand Prix
Mexico City,Mexico City Grand Prix
Miami,Miami Grand Prix
Miami Gardens,Miami Grand Prix
Monaco,Monaco Grand Prix
Monte Carlo,Monaco Grand Prix
Portimão,Portuguese Grand Prix
Lusail,Qatar Grand Prix
Sochi,Russian Grand Prix
Jeddah,Saudi Arabian Grand Prix
Marina Bay,Singapore Grand Prix
Barcelona,Spanish Grand Prix
Spielberg,Styrian Grand Prix
São Paulo,São Paulo Grand Prix
Istanbul,Turkish Grand Prix
Austin,United States Grand Prix
